{"PTRY":[-123.576172,40.048165], "OPPP":[-122.873047,39.710933],"POXY":[-122.345703,39.710933],"PITY":[-121.466797,40.182594],"TYI":[-123.751953,39.980852],"YUI":[-123.136719,40.249708],"LOPH":[-123.136719,40.249708],"TRTYY":[-123.3125,40.983574],"UYTI":[-122.785156,39.439954],"KIO":[-122.345703,38.894823],"GYY":[-123.224609,39.031502],"GTTUJ":[-122.345703,38.689311],"TYY":[-121.950195,41.676549],"PT50":[-123.949707,41.578004],"PT51":[-123.97168,41.380462],"PT52":[-123.905762,41.215385],"KCCR":[-122.05,38.00],"KNUQ":[-122.05,37.43],"KRHV":[-121.82,37.33],"KSFO":[-121.37,37.62],"IOOP":[-122.389648,41.676549]}
