{"Pt33": [-122.14623145315642, 43.23948751586881], "Pt39": [-122.5100533644079, 42.66799489458237], "Pt28": [-121.7549771326253, 42.77894492274843], "Pt29": [-120.06866972673532, 44.11976944397175], "Pt26": [-124.08148877988846, 43.77372671494306], "Pt27": [-120.24230231431922, 43.64284984786991], "Pt24": [-122.74088666207544, 43.62022906536995], "Pt25": [-122.74643028796042, 42.501251577376536], "Pt22": [-123.09008633268918, 43.632043387968565], "Pt23": [-123.69193277482033, 43.44892368269553], "Pt20": [-123.31377770943463, 44.26461466700259], "Pt21": [-123.50543218518457, 43.5531055410879], "Pt48": [-122.74898519448558, 43.604413961484816], "Pt49": [-124.01895396150155, 43.82248480075985], "Pt44": [-122.81962330261507, 44.1140433691308], "Pt45": [-121.6100413383192, 42.814486380932856], "Pt46": [-123.43693584014669, 44.537204329093456], "Pt47": [-120.19868619951374, 44.24380597446379], "Pt40": [-122.11356639786808, 43.88589513332656], "Pt41": [-123.2935605389631, 44.96429530334433], "Pt32": [-123.54868678963133, 42.86015726438057], "Pt43": [-121.04527534598019, 42.70580690168831], "Pt42": [-121.21568615028421, 44.961442957517434], "Pt9": [-123.46340307259803, 44.132905840545], "Pt8": [-121.1087701284704, 44.74623444236219], "Pt7": [-120.49207127066352, 45.04283110796129], "Pt6": [-122.30493117687534, 43.235937835963654], "Pt5": [-121.59347075604312, 44.737243292078546], "Pt4": [-123.552206611051, 45.17996423705644], "Pt3": [-121.68499688497187, 42.75168817866233], "Pt2": [-123.5369785270563, 43.51193469089377], "Pt1": [-120.95785264541233, 44.77861304678837], "Pt0": [-122.50389092836853, 43.330428145515576], "Pt13": [-121.24035410149783, 44.18877311579497], "Pt12": [-121.7872244710219, 42.902408007749514], "Pt11": [-120.48257175937557, 43.78476180624495], "Pt10": [-122.94252857858699, 44.56655660188036], "Pt17": [-122.62033160849185, 45.11033352305524], "Pt16": [-121.71622828335276, 44.429959378722316], "Pt15": [-122.6733789634337, 43.254907433287215], "Pt14": [-121.56310318709467, 43.03279212158152], "Pt31": [-120.54803771353258, 45.169085026985556], "Pt30": [-122.89799254899347, 44.02943140217127], "Pt19": [-123.2157666116467, 43.845778328442755], "Pt18": [-123.42761917679638, 43.56561308769588], "Pt35": [-121.1305920562317, 43.980413475944005], "Pt34": [-122.16584003893746, 43.741816534910065], "Pt37": [-122.84438934766322, 44.4272866791423], "Pt36": [-122.36281642234489, 45.23037099419626], "Pt38": [-122.91729161793694, 44.15318063957716]}
