{"PT1":[-119.005859,34.961986],"PT2":[-117.160156,34.60105],"PT3":[-116.808594,33.874459],"PT4":[-121.291016,35.964164],"PT5":[-120.675781,37.374027],"PT6":[-121.378906,38],"PT7":[-116.896484,34.383731],"PT8":[-115.402344,36.460552],"PT10":[-122.960937,42.750588],"PT11":[-121.291016,42.815094],"PT12":[-116.896484,46.622606],"PT13":[-112.501953,44.027923],"PT14":[-115.314453,43.008208],"PT15":[-111.447266,39.167916],"PT16":[-105.910156,39.167916],"PT17":[-107.228516,38.345475],"PT18":[-106.085937,37.861352],"PT19":[-106.613281,34.60105],"PT20":[-111.974609,34.673363],"PT21":[-113.029297,33.801455],"PT22":[-111.271484,33.801455],"PT23":[-112.238281,32.772895]}
