{"KMAE":[-120.12,36.98],"KSJC":[-121.92,37.37],"KMCE":[-120.50,37.28],"KMOD":[-120.95,37.62],"KOAK":[-122.23,37.72],"KSCK":[-121.23,37.90],"KMER":[-120.57,37.37],"KAPC":[-122.28,38.20],"KSUU":[-121.95,38.27],"KSQL":[-122.25,37.52],"KSNS":[-121.60,36.67],"KMRY":[-121.85,36.58],"KPAO":[-122.12,37.47],"KSAC":[-121.50,38.50],"KHWD":[-122.12,37.67],"KSTS":[-122.82,38.50],"KSMF":[-121.60,38.70],"PT5":[-115.82,39.70],"PT6":[-118.82,36.70],"PT7":[-116.92,32.70],"PT8":[-116.82,39.87],"PT9":[-115.758906,33.193094],"PT10":[-115.753906,33.093094],"PT11":[-115.75000,34.093094],"PT12":[-115.753916,34.093094],"PT3":[34.093094,-115.789906],"PT14":[-115.863906, 34.093094],"PT15":[-115.953906,33.194094],"PT16":[-115.789999,36.093198],"PT17":[-115.899998,33.093222],"PT18":[-121.821908,47.465495],"PT19":[-122.204230,47.315422], "PT20":[-122.082031,43.264752], "PT21":[-122.204230,47.315422],"PT22":[-117.709928,43.966853],"PT23":[-117.283258,44.052329],"PT24":[-118.098586,43.509919],"PT25":[-117.207823,43.627554],"PT26":[-118.036522,43.820762],"PT27":[-117.207823,47.432251],"PT28":[-122.207221,47.615471],"PT30":[-114.875,34.020278],"PT31":[-113.292969,32.920573],"PT32":[-112.150391,32.846765],"PT33":[-111.447266,32.550918],"PT34":[-112.0625,32.550918],"PT35":[-111.271484,36.601798],"PT37":[-110.128906,36.601798],"PT38":[-110.128906,35.464636],"PT39":[-109.601562,35.32134]
,"PT40":[-109.953125,35.177789],"PT41":[-109.689453,34.889925],"PT44":[-108.458984,36.460552],"PT45":[-110.612305,45.617443],"PT46":[-109.513672,45.694234],"PT47":[-110.062988,44.390171],"PT49":[-114.743164,42.264653],"PT50":[-115.753906,43.32872],"PT70":[-117.6875,34.47435],"PT71":[-117.313965,34.347457],"PT77":[-116.566895,34.293015],"PT78":[-116.369141,34.002064],"PT79":[-115.95166,33.72839],"PT80":[-115.62207,33.691833],"PT81":[115.512207,33.490497],"PT82":[-115.116699,33.325417],"PT83":[-116.193359,34.655291],"PT84":[-120.368164,38.466005],"PT61":[-116.303223,32.569437],"PT62":[-116.61084,32.439723],"PT63":[-116.808594,32.624971],"PT64":[-116.962402,32.902127],"PT65":[-116.808594,33.104825],"PT66":[-116.830566,33.545453],"PT67":[-117.467773,34.256701],"PT68":[-117.973145,34.383731],"PT69":[-118.34668,34.546773],
"PT53":[-124.015625,41.824084],"PT54":[-123.202637,41.363973],"PT55":[-122.125977,44.656488],"PT56":[-120.895508,44.828162],"PT57":[-119.665039,45.478955],"PT58":[-119.577148,44.280158],"PT59":[-122.301758,44.921587],"PT60":[-108.305176,40.115413],"PT85":[-107.382324,39.541695],"PT86":[-107.821777,36.177288],"PT87":[-108.283203,35.803943],"PT88":[-106.525391,35.571941],
"PT89":[-124.081543,40.517501],"PT90":[-123.664062,39.930323],"PT91":[-123.444336,39.558637],"PT92":[-122.147949,43.933057],"PT93":[-121.752441,43.901401],"PT94":[-123.224609,46.274403],"PT127":[-122.829102,46.622606],"PT128":[-122.082031,46.410922],"PT129":[-120.609863,47.297436],"PT130":[-119.005859,46.577314],"PT131":[-116.28125,46.33512],"PT132":[-115.973633,45.678884],"PT133":[-116.259277,44.890462],"PT134":[-110.32666,45.448133],"PT135":[-109.293945,45.324678],"PT136":[-107.755859,45.432716],"PT137":[-110.414551,42.199576],"PT110":[-115.138672,37.164197],"PT111":[-119.928711,35.069959],"PT112":[-119.75293,34.637214],"PT113":[-120.456055,35.249596],"PT114":[-118.895996,35.964164],"PT115":[-116.28125,35.123891],"PT116":[-116.149414,34.925964],"PT117":[-115.907715,34.655291],"PT118":[-115.182617,34.456234],"PT119":[-115.929687,44.295887],"KNUQ":[-122.05,37.43],"KRHV":[-121.82,37.33],"KWVI":[-121.78,36.93],"KMHR":[-121.30,38.55],"KVCB":[-121.95,38.38],"KSFO":[-121.37,37.62],"KLVK1":[-112.82,39.79],"KLVK2":[-121.82,39.70],"KLVK3":[-116.82,39.70],"PT2":[-119.82,39.70],"PT3":[-119.82,35.90],"PT4":[-119.82,40.10],"PT29":[-122.178883,47.620471],"PT30":[-122.144727,47.551771],"PT24":[-122.433594,41.116137],"PT25":[-123.224609,40.249708],"PT26":[-121.027344,40.983574],"PT27":[-122.873047,40.517501],"PT28":[-120.5,38.689311],"PT29":[-114.787109,34.456234],"PT95":[-123.466309,46.923581],"PT96":[-123.092773,47.564987],"PT97":[-119.928711,47.386771],"PT99":[-119.049805,46.818431],"PT100":[-110.370605,38.911922],"PT120":[-115.731934,44.750192],"PT121":[-114.809082,45.045919],"PT122":[-114.040039,45.355567],"PT123":[-120.895508,48.007883],"GHU":[-123.356445,42.621375],"OPP":[-121.291016,42.199576],"IOOP":[-122.389648,41.676549],"QWE":[-122.455566,44.804782],"RDT":[-122.049072,45.100229],"YUIO":[-121.895264,44.734585],"PT124":[-121.422852,48.417851],"PT125":[-123.686035,46.773304],"PT126":[-123.466309,46.471487]}
