{"Pt33": [-119.6092379787053, 37.138552161044494], "Pt39": [-120.71461162774808, 35.63481223515288], "Pt28": [-119.86657696772716, 37.725230497299776], "Pt29": [-118.95814174198537, 36.254423978859734], "Pt26": [-120.70169483068403, 36.203422765838475], "Pt27": [-120.12502266735773, 38.12623070342128], "Pt24": [-119.76343272505812, 36.1089110092383], "Pt25": [-120.69374409039693, 35.94855851699146], "Pt22": [-120.34821329379795, 36.07432277725598], "Pt23": [-120.96018767134852, 35.64748036814655], "Pt20": [-119.35214494572162, 37.75180683892279], "Pt21": [-120.14794394470836, 36.157091669116525], "Pt48": [-119.53184858709822, 37.767222311508206], "Pt49": [-119.6567700765385, 37.01966327597498], "Pt44": [-119.74692804979641, 36.31959478694421], "Pt45": [-119.3067830227992, 37.12199520809499], "Pt46": [-119.25509594590909, 37.6374622514213], "Pt47": [-120.27131060088225, 36.34350913468824], "Pt40": [-119.88060636231758, 37.63108838904984], "Pt41": [-119.6439054804828, 36.46873153739014], "Pt32": [-119.66830511144987, 37.17864958182506], "Pt43": [-120.18397000168216, 36.771212114989424], "Pt42": [-120.79868177160982, 37.934984724572836], "Pt9": [-119.39746819133424, 36.65056230520747], "Pt8": [-119.61039057062821, 36.23604032963541], "Pt7": [-119.5419332694445, 37.720431652757846], "Pt6": [-120.99761049382383, 35.743950529441264], "Pt5": [-119.05262717615749, 36.75994527459], "Pt4": [-119.89212027513138, 36.0371765485678], "Pt3": [-120.39719377078656, 38.065789377968706], "Pt2": [-120.2459058337771, 35.66583737125043], "Pt1": [-120.42879153088295, 37.351720952420855], "Pt0": [-119.3280467157345, 38.05123756477543], "Pt13": [-120.89604471309185, 37.967849286910806], "Pt12": [-118.92549102802411, 35.78565817737509], "Pt11": [-118.92905261550248, 35.7240827834414], "Pt10": [-120.25481905406433, 37.490845849255265], "Pt17": [-119.18579667862628, 36.308631075649465], "Pt16": [-118.98290645186376, 35.70759396355559], "Pt15": [-119.63276231256476, 36.340434248442705], "Pt14": [-120.6469460383963, 36.36946377319876], "Pt31": [-119.33157220448582, 37.21446484770462], "Pt30": [-120.8948148227, 35.90935639944625], "Pt19": [-119.81666427594101, 37.54504624268791], "Pt18": [-119.24710372924073, 37.847041488718794], "Pt35": [-119.63205223304277, 36.88079178970918], "Pt34": [-120.93814542515739, 36.480519823860966], "Pt37": [-120.45795845201741, 36.4785565853285], "Pt36": [-119.03413836343164, 36.91173346475453], "Pt38": [-119.8591031168206, 37.09466303883836]}
