{"Pt33": [-115.57974483121937, 32.80158908509176], "Pt39": [-115.27266869403101, 32.97829710945685], "Pt28": [-115.22869476956886, 34.45060230814309], "Pt29": [-115.71706794342191, 34.699086878678116], "Pt26": [-115.76194420084158, 34.93537144621037], "Pt27": [-115.36884901500224, 33.62585367270392], "Pt24": [-116.38193429514989, 33.815169761388375], "Pt25": [-114.88329281966303, 33.635228944014834], "Pt22": [-115.48208381342408, 33.56515891248849], "Pt23": [-116.21906434211199, 33.78795434778208], "Pt20": [-117.0993019502861, 34.82607963631132], "Pt21": [-115.88832020341155, 34.4051733231283], "Pt48": [-114.95635687658141, 34.17389836289812], "Pt49": [-116.91000825987281, 35.200833650100755], "Pt44": [-115.49228777221705, 33.47203102152359], "Pt45": [-114.8432751537536, 34.70994855585657], "Pt46": [-116.92150859488956, 34.34969798952326], "Pt47": [-114.9011715788771, 32.91688575302174], "Pt40": [-115.14572251134823, 33.832286479565354], "Pt41": [-115.45061081403435, 32.8249129989436], "Pt32": [-115.99114172970803, 33.90346243498035], "Pt43": [-116.04485389495416, 34.503216012522756], "Pt42": [-115.30124960161018, 32.70840389294941], "Pt9": [-116.29095375808264, 34.31063705977962], "Pt8": [-116.98748358531213, 32.92415081722075], "Pt7": [-116.42166472822541, 32.919506604143024], "Pt6": [-116.57144410908532, 33.98747656718656], "Pt5": [-116.97291983360034, 33.85613910928231], "Pt4": [-116.49321905709533, 35.2451011835585], "Pt3": [-115.20406388031415, 34.45279695176583], "Pt2": [-114.76040714882846, 34.83165952205673], "Pt1": [-116.12982210491995, 34.392038478192106], "Pt0": [-116.72800576400547, 34.81563772391931], "Pt13": [-116.12938263464628, 34.995531635257436], "Pt12": [-115.0169306146683, 33.22306834935435], "Pt11": [-114.70453806300598, 35.16338061389639], "Pt10": [-115.63491543681687, 33.6618636989234], "Pt17": [-114.97152252667671, 34.26928035135031], "Pt16": [-115.64518656858756, 33.19270651468037], "Pt15": [-115.86716323200899, 35.01385027048115], "Pt14": [-116.82729507572249, 33.284533435718124], "Pt31": [-116.22140863246258, 32.88945043101857], "Pt30": [-114.80344272893514, 34.027525057808205], "Pt19": [-115.74644368266434, 34.460074797805554], "Pt18": [-114.97783452173074, 33.2028925642705], "Pt35": [-116.35655186356152, 34.1142328724244], "Pt34": [-116.85639772422411, 35.06545195578759], "Pt37": [-115.06990430385947, 34.638847652769904], "Pt36": [-115.00469445438635, 34.607720272875305], "Pt38": [-116.79241392637728, 35.02559467802009]}
