{"Pt33": [-120.48392130143864, 40.60102014007124], "Pt39": [-120.63335923654812, 39.209277554931624], "Pt28": [-122.35456779823909, 41.15623761052566], "Pt29": [-121.65252009873433, 39.066265479760695], "Pt26": [-120.89667236059904, 40.121829668371134], "Pt27": [-120.9241714489579, 41.58431190376825], "Pt24": [-120.42484048811082, 40.79720691070723], "Pt25": [-121.14497255520911, 39.26888795215548], "Pt22": [-122.2626078215114, 40.08731295200613], "Pt23": [-121.60952847398079, 41.50146847568117], "Pt20": [-122.67098726794832, 40.539753335932716], "Pt21": [-123.50518617352267, 40.388143046333255], "Pt48": [-122.6915900474922, 39.17877817018805], "Pt49": [-121.61936378260106, 41.67568028588432], "Pt44": [-120.9713320008012, 41.6238996282705], "Pt45": [-121.57979544413192, 38.85876820566247], "Pt46": [-122.6190608774811, 39.52434208571711], "Pt47": [-122.63360300008257, 39.63501478237926], "Pt40": [-122.69912039743191, 40.666199135521495], "Pt41": [-122.34976191606528, 41.082223100276174], "Pt32": [-120.32164399872724, 40.12722210681681], "Pt43": [-120.2003940054681, 39.72858258131336], "Pt42": [-122.57107255480436, 40.57925771347735], "Pt9": [-123.65232366975924, 41.72233265883027], "Pt8": [-123.08598852120342, 39.14342271575984], "Pt7": [-123.21995956286419, 41.02707719150937], "Pt6": [-121.23851247984857, 41.70258138776255], "Pt5": [-121.55593237045021, 40.302449010977305], "Pt4": [-122.78139648093062, 39.47319974995764], "Pt3": [-121.56474041242932, 38.9889943672146], "Pt2": [-120.79597471306828, 39.37125530086674], "Pt1": [-120.77420136513112, 38.753235674912034], "Pt0": [-120.60349408930725, 39.395098227996755], "Pt13": [-121.93800236962696, 41.613773811799824], "Pt12": [-122.79552651460568, 40.817277766286544], "Pt11": [-120.72332181329492, 41.6247929284286], "Pt10": [-123.6464537209026, 40.09428577700193], "Pt17": [-122.52153203247569, 40.14347814968181], "Pt16": [-123.10498438061019, 41.33748939137361], "Pt15": [-123.5510730256949, 41.69857080151459], "Pt14": [-122.17471962978175, 39.23016180302258], "Pt31": [-123.27369648852252, 39.358420444215696], "Pt30": [-121.0152373775549, 41.37819943811694], "Pt19": [-122.79784915050644, 39.959913081186805], "Pt18": [-122.52250371499923, 41.33667858960307], "Pt35": [-121.47811230479391, 39.25363428440154], "Pt34": [-122.18306184917573, 38.765763157843566], "Pt37": [-121.31196056483057, 38.864656449431486], "Pt36": [-121.95708921889494, 38.72117404701087], "Pt38": [-123.65674708284014, 40.91529597477255]}
